{"cameraMode":{"drawMode":0,"name":"Shaded","section":"Shading Mode"},"sceneLighting":true,"audioPlay":false,"sceneViewState":{"showFog":true,"showMaterialUpdate":false,"showSkybox":true,"showFlares":true,"showImageEffects":true,"showParticleSystems":true},"in2DMode":false,"pivot":{"x":-0.10405945777893067,"y":-0.9273204803466797,"z":1.323345422744751},"rotation":{"x":-0.04225020855665207,"y":0.047037456184625629,"z":-0.001990671968087554,"w":-0.9979981184005737},"size":5.028427600860596,"orthographic":false}