{"cameraMode":{"drawMode":0,"name":"Shaded","section":"Shading Mode"},"sceneLighting":true,"audioPlay":false,"sceneViewState":{"showFog":true,"showMaterialUpdate":false,"showSkybox":true,"showFlares":true,"showImageEffects":true,"showParticleSystems":true},"in2DMode":false,"pivot":{"x":-3.0377705097198488,"y":-5.873503684997559,"z":14.161933898925782},"rotation":{"x":-0.1902076005935669,"y":0.0961344838142395,"z":-0.018718909472227098,"w":-0.9768463969230652},"size":8.427725791931153,"orthographic":false}